0,complex,entity_right,type_false,rel1_false,rel2_right,no_constraint
2,complex,entity_right,type_true,rel1_false,rel2_right,type_constraint
3,complex,entity_right,type_true,rel1_false,rel2_false,type_constraint
6,complex,entity_right,type_true,rel1_false,rel2_false,type_constraint
7,complex,entity_wrong,type_true,rel1_right,rel2_right,no_constraint
9,complex,entity_right,type_true,rel1_false,rel2_false,no_constraint
10,complex,entity_wrong,type_true,rel1_false,rel2_right,no_constraint
11,complex,entity_right,type_true,rel1_false,rel2_right,no_constraint
13,complex,entity_right,type_true,rel1_right,rel2_false,type_constraint
14,complex,entity_right,type_true,rel1_right,rel2_right,no_constraint
17,complex,entity_right,type_true,rel1_right,rel2_right,no_constraint
18,complex,entity_wrong,type_false,rel1_false,rel2_false,no_constraint
19,complex,entity_right,type_true,rel1_right,rel2_false,type_constraint
20,complex,entity_wrong,type_true,rel1_false,rel2_false,no_constraint
21,complex,entity_right,type_true,rel1_false,rel2_right,no_constraint
23,complex,entity_wrong,type_true,rel1_false,rel2_right,type_constraint
25,complex,entity_right,type_true,rel1_right,rel2_right,no_constraint
28,complex,entity_wrong,type_true,rel1_false,rel2_false,no_constraint
29,complex,entity_right,type_true,rel1_right,rel2_right,no_constraint
30,complex,entity_right,type_true,rel1_right,rel2_false,type_constraint
32,complex,entity_right,type_true,rel1_right,rel2_false,type_constraint
34,complex,entity_right,type_true,rel1_false,rel2_right,no_constraint
35,complex,entity_right,type_true,rel1_false,rel2_false,no_constraint
36,complex,entity_right,type_true,rel1_right,rel2_right,type_constraint
38,complex,entity_right,type_true,rel1_right,rel2_right,no_constraint
39,complex,entity_right,type_true,rel1_false,rel2_false,no_constraint
40,complex,entity_right,type_true,rel1_false,rel2_false,no_constraint
41,complex,entity_wrong,type_true,rel1_right,rel2_right,no_constraint
42,complex,entity_wrong,type_true,rel1_right,rel2_right,type_constraint
43,complex,entity_right,type_true,rel1_right,rel2_false,no_constraint
44,complex,entity_right,type_true,rel1_false,rel2_right,type_constraint
45,complex,entity_right,type_true,rel1_right,rel2_right,no_constraint
46,complex,entity_right,type_true,rel1_false,rel2_right,no_constraint
49,complex,entity_right,type_true,rel1_right,rel2_false,no_constraint
50,complex,entity_right,type_true,rel1_false,rel2_right,type_constraint
54,complex,entity_right,type_true,rel1_right,rel2_false,no_constraint
55,complex,entity_right,type_true,rel1_false,rel2_right,type_constraint
56,complex,entity_right,type_true,rel1_right,rel2_right,type_constraint
57,complex,entity_wrong,type_true,rel1_right,rel2_right,no_constraint
58,complex,entity_wrong,type_true,rel1_right,rel2_right,type_constraint
60,complex,entity_right,type_true,rel1_false,rel2_false,no_constraint
61,complex,entity_right,type_true,rel1_false,rel2_right,type_constraint
62,complex,entity_right,type_true,rel1_right,rel2_false,type_constraint
63,complex,entity_right,type_true,rel1_right,rel2_false,type_constraint
64,complex,entity_right,type_true,rel1_right,rel2_false,type_constraint
68,complex,entity_right,type_false,rel1_false,rel2_false,type_constraint
69,complex,entity_wrong,type_true,rel1_false,rel2_false,type_constraint
71,complex,entity_right,type_true,rel1_right,rel2_right,no_constraint
73,complex,entity_right,type_true,rel1_false,rel2_right,no_constraint
75,complex,entity_right,type_true,rel1_right,rel2_right,no_constraint
77,complex,entity_right,type_true,rel1_right,rel2_right,no_constraint
78,complex,entity_right,type_true,rel1_false,rel2_false,type_constraint
79,complex,entity_right,type_true,rel1_false,rel2_false,no_constraint
80,complex,entity_wrong,type_false,rel1_right,rel2_right,type_constraint
82,complex,entity_wrong,type_true,rel1_right,rel2_right,no_constraint
83,complex,entity_right,type_true,rel1_false,rel2_right,type_constraint
85,complex,entity_right,type_true,rel1_right,rel2_right,type_constraint
90,complex,entity_right,type_true,rel1_false,rel2_right,no_constraint
92,complex,entity_right,type_true,rel1_right,rel2_false,no_constraint
93,complex,entity_right,type_true,rel1_right,rel2_false,type_constraint
94,complex,entity_right,type_true,rel1_right,rel2_false,type_constraint
97,complex,entity_right,type_true,rel1_false,rel2_false,no_constraint
98,complex,entity_right,type_true,rel1_false,rel2_right,no_constraint
99,complex,entity_wrong,type_true,rel1_right,rel2_false,type_constraint
100,complex,entity_wrong,type_true,rel1_right,rel2_right,no_constraint
101,complex,entity_right,type_true,rel1_right,rel2_false,type_constraint
102,complex,entity_right,type_true,rel1_right,rel2_right,type_constraint
103,complex,entity_wrong,type_true,rel1_right,rel2_false,no_constraint
105,complex,entity_right,type_false,rel1_right,rel2_right,no_constraint
107,complex,entity_right,type_true,rel1_false,rel2_false,type_constraint
108,complex,entity_right,type_true,rel1_false,rel2_right,no_constraint
110,complex,entity_right,type_true,rel1_right,rel2_false,type_constraint
111,complex,entity_wrong,type_false,rel1_right,rel2_false,type_constraint
112,complex,entity_right,type_true,rel1_right,rel2_false,type_constraint
113,complex,entity_right,type_true,rel1_false,rel2_false,no_constraint
115,complex,entity_right,type_false,rel1_right,rel2_false,no_constraint
116,complex,entity_right,type_true,rel1_false,rel2_false,type_constraint
117,complex,entity_right,type_true,rel1_right,rel2_false,type_constraint
118,complex,entity_wrong,type_true,rel1_false,rel2_right,no_constraint
119,complex,entity_wrong,type_true,rel1_false,rel2_false,no_constraint
120,complex,entity_right,type_true,rel1_false,rel2_false,no_constraint
123,complex,entity_right,type_true,rel1_right,rel2_right,no_constraint
124,complex,entity_right,type_true,rel1_right,rel2_false,type_constraint
126,complex,entity_wrong,type_true,rel1_false,rel2_false,no_constraint
127,complex,entity_right,type_false,rel1_right,rel2_false,type_constraint
129,complex,entity_right,type_true,rel1_false,rel2_false,type_constraint
131,complex,entity_wrong,type_true,rel1_right,rel2_false,no_constraint
132,complex,entity_right,type_true,rel1_false,rel2_false,type_constraint
133,complex,entity_right,type_true,rel1_false,rel2_false,type_constraint
136,complex,entity_wrong,type_true,rel1_right,rel2_right,type_constraint
137,complex,entity_right,type_true,rel1_false,rel2_right,type_constraint
138,complex,entity_right,type_true,rel1_right,rel2_right,no_constraint
139,complex,entity_right,type_true,rel1_right,rel2_right,no_constraint
140,complex,entity_wrong,type_true,rel1_false,rel2_false,no_constraint
141,complex,entity_wrong,type_true,rel1_false,rel2_right,type_constraint
144,complex,entity_right,type_false,rel1_false,rel2_false,type_constraint
146,complex,entity_right,type_true,rel1_false,rel2_right,no_constraint
149,complex,entity_right,type_true,rel1_right,rel2_right,no_constraint
150,complex,entity_right,type_true,rel1_right,rel2_false,no_constraint
154,complex,entity_right,type_true,rel1_right,rel2_false,type_constraint
156,complex,entity_right,type_true,rel1_false,rel2_right,no_constraint
157,complex,entity_right,type_true,rel1_right,rel2_right,no_constraint
158,complex,entity_wrong,type_true,rel1_right,rel2_right,no_constraint
160,complex,entity_right,type_true,rel1_right,rel2_false,no_constraint
161,complex,entity_wrong,type_true,rel1_false,rel2_right,type_constraint
162,complex,entity_right,type_true,rel1_right,rel2_right,no_constraint
163,complex,entity_right,type_false,rel1_false,rel2_right,no_constraint
166,complex,entity_right,type_true,rel1_false,rel2_right,no_constraint
167,complex,entity_right,type_true,rel1_false,rel2_false,no_constraint
168,complex,entity_right,type_true,rel1_right,rel2_right,no_constraint
170,complex,entity_right,type_true,rel1_false,rel2_right,type_constraint
172,complex,entity_right,type_true,rel1_right,rel2_right,no_constraint
173,complex,entity_right,type_true,rel1_false,rel2_false,no_constraint
174,complex,entity_right,type_true,rel1_false,rel2_right,type_constraint
176,complex,entity_wrong,type_true,rel1_right,rel2_false,type_constraint
178,complex,entity_right,type_true,rel1_right,rel2_right,type_constraint
179,complex,entity_wrong,type_true,rel1_right,rel2_false,type_constraint
180,complex,entity_right,type_true,rel1_false,rel2_right,type_constraint
181,complex,entity_right,type_true,rel1_false,rel2_right,no_constraint
182,complex,entity_wrong,type_true,rel1_false,rel2_right,no_constraint
185,complex,entity_right,type_true,rel1_right,rel2_right,type_constraint
187,complex,entity_right,type_true,rel1_right,rel2_right,type_constraint
191,complex,entity_right,type_true,rel1_right,rel2_false,no_constraint
192,complex,entity_right,type_true,rel1_right,rel2_right,type_constraint
194,complex,entity_right,type_true,rel1_right,rel2_right,type_constraint
195,complex,entity_right,type_true,rel1_false,rel2_false,no_constraint
197,complex,entity_right,type_true,rel1_right,rel2_right,no_constraint
198,complex,entity_right,type_true,rel1_false,rel2_right,no_constraint
199,complex,entity_right,type_true,rel1_right,rel2_right,no_constraint
201,complex,entity_wrong,type_true,rel1_false,rel2_false,no_constraint
202,complex,entity_right,type_true,rel1_false,rel2_false,type_constraint
203,complex,entity_right,type_true,rel1_false,rel2_right,no_constraint
205,complex,entity_right,type_true,rel1_right,rel2_right,no_constraint
206,complex,entity_right,type_true,rel1_false,rel2_right,type_constraint
207,complex,entity_right,type_true,rel1_false,rel2_right,type_constraint
208,complex,entity_wrong,type_true,rel1_false,rel2_right,no_constraint
209,complex,entity_right,type_true,rel1_false,rel2_false,no_constraint
210,complex,entity_right,type_true,rel1_false,rel2_false,type_constraint
211,complex,entity_right,type_true,rel1_false,rel2_false,no_constraint
212,complex,entity_right,type_true,rel1_right,rel2_right,no_constraint
214,complex,entity_right,type_false,rel1_right,rel2_right,no_constraint
216,complex,entity_right,type_true,rel1_right,rel2_false,no_constraint
217,complex,entity_right,type_true,rel1_false,rel2_right,no_constraint
220,complex,entity_right,type_true,rel1_right,rel2_right,type_constraint
222,complex,entity_right,type_true,rel1_right,rel2_right,no_constraint
223,complex,entity_right,type_true,rel1_false,rel2_false,no_constraint
224,complex,entity_right,type_true,rel1_false,rel2_right,no_constraint
225,complex,entity_right,type_true,rel1_false,rel2_right,type_constraint
226,complex,entity_right,type_true,rel1_false,rel2_false,type_constraint
227,complex,entity_wrong,type_true,rel1_right,rel2_right,no_constraint
228,complex,entity_right,type_true,rel1_false,rel2_right,no_constraint
230,complex,entity_right,type_true,rel1_right,rel2_right,type_constraint
232,complex,entity_right,type_true,rel1_right,rel2_false,type_constraint
233,complex,entity_right,type_true,rel1_right,rel2_right,type_constraint
236,complex,entity_right,type_true,rel1_false,rel2_false,no_constraint
237,complex,entity_right,type_true,rel1_false,rel2_false,no_constraint
238,complex,entity_right,type_true,rel1_false,rel2_right,type_constraint
240,complex,entity_right,type_true,rel1_false,rel2_right,no_constraint
241,complex,entity_right,type_true,rel1_false,rel2_false,no_constraint
242,complex,entity_wrong,type_true,rel1_right,rel2_right,no_constraint
244,complex,entity_right,type_true,rel1_false,rel2_false,no_constraint
245,complex,entity_wrong,type_true,rel1_right,rel2_right,no_constraint
246,complex,entity_right,type_true,rel1_false,rel2_false,no_constraint
247,complex,entity_right,type_true,rel1_right,rel2_false,no_constraint
248,complex,entity_right,type_false,rel1_false,rel2_false,no_constraint
249,complex,entity_right,type_true,rel1_right,rel2_right,no_constraint
250,complex,entity_wrong,type_true,rel1_false,rel2_right,no_constraint
251,complex,entity_right,type_true,rel1_right,rel2_right,type_constraint
252,complex,entity_right,type_true,rel1_right,rel2_right,type_constraint
254,complex,entity_right,type_true,rel1_right,rel2_right,type_constraint
255,complex,entity_right,type_true,rel1_false,rel2_right,no_constraint
257,complex,entity_right,type_true,rel1_right,rel2_right,type_constraint
258,complex,entity_right,type_true,rel1_right,rel2_false,no_constraint
259,complex,entity_right,type_true,rel1_right,rel2_right,no_constraint
260,complex,entity_right,type_true,rel1_false,rel2_false,no_constraint
262,complex,entity_right,type_true,rel1_false,rel2_right,type_constraint
264,complex,entity_right,type_true,rel1_false,rel2_right,no_constraint
265,complex,entity_wrong,type_true,rel1_false,rel2_false,no_constraint
266,complex,entity_right,type_true,rel1_right,rel2_right,no_constraint
268,complex,entity_right,type_true,rel1_right,rel2_right,no_constraint
269,complex,entity_right,type_true,rel1_right,rel2_right,type_constraint
270,complex,entity_right,type_true,rel1_false,rel2_false,no_constraint
271,complex,entity_right,type_true,rel1_false,rel2_false,type_constraint
272,complex,entity_right,type_true,rel1_false,rel2_right,type_constraint
273,complex,entity_right,type_true,rel1_false,rel2_false,type_constraint
275,complex,entity_wrong,type_true,rel1_false,rel2_right,no_constraint
276,complex,entity_right,type_true,rel1_right,rel2_false,type_constraint
280,complex,entity_right,type_true,rel1_false,rel2_false,type_constraint
282,complex,entity_right,type_true,rel1_false,rel2_false,type_constraint
283,complex,entity_right,type_true,rel1_false,rel2_right,no_constraint
284,complex,entity_right,type_true,rel1_false,rel2_false,no_constraint
286,complex,entity_right,type_true,rel1_false,rel2_false,no_constraint
290,complex,entity_right,type_true,rel1_right,rel2_false,type_constraint
291,complex,entity_right,type_true,rel1_right,rel2_right,no_constraint
292,complex,entity_right,type_true,rel1_right,rel2_right,type_constraint
293,complex,entity_wrong,type_true,rel1_right,rel2_right,no_constraint
294,complex,entity_right,type_true,rel1_right,rel2_false,type_constraint
295,complex,entity_right,type_true,rel1_false,rel2_false,type_constraint
296,complex,entity_right,type_true,rel1_false,rel2_right,no_constraint
298,complex,entity_wrong,type_true,rel1_false,rel2_right,no_constraint
299,complex,entity_right,type_true,rel1_false,rel2_false,type_constraint
300,complex,entity_right,type_true,rel1_false,rel2_right,type_constraint
301,complex,entity_right,type_true,rel1_right,rel2_right,no_constraint
302,complex,entity_right,type_true,rel1_right,rel2_false,no_constraint
304,complex,entity_right,type_true,rel1_right,rel2_false,no_constraint
305,complex,entity_right,type_true,rel1_right,rel2_right,no_constraint
307,complex,entity_right,type_true,rel1_false,rel2_false,type_constraint
308,complex,entity_right,type_true,rel1_false,rel2_false,no_constraint
309,complex,entity_right,type_true,rel1_right,rel2_false,type_constraint
310,complex,entity_right,type_true,rel1_right,rel2_right,type_constraint
312,complex,entity_right,type_true,rel1_right,rel2_false,no_constraint
314,complex,entity_wrong,type_true,rel1_right,rel2_right,no_constraint
315,complex,entity_right,type_true,rel1_right,rel2_false,type_constraint
317,complex,entity_right,type_true,rel1_right,rel2_right,no_constraint
318,complex,entity_right,type_true,rel1_right,rel2_right,no_constraint
319,complex,entity_right,type_true,rel1_right,rel2_false,type_constraint
320,complex,entity_right,type_true,rel1_right,rel2_right,no_constraint
321,complex,entity_right,type_true,rel1_false,rel2_false,no_constraint
322,complex,entity_right,type_true,rel1_right,rel2_right,no_constraint
323,complex,entity_right,type_false,rel1_right,rel2_false,type_constraint
328,complex,entity_right,type_true,rel1_right,rel2_false,type_constraint
329,complex,entity_right,type_true,rel1_false,rel2_right,no_constraint
334,complex,entity_right,type_true,rel1_false,rel2_right,no_constraint
335,complex,entity_right,type_true,rel1_right,rel2_false,type_constraint
336,complex,entity_right,type_true,rel1_right,rel2_false,no_constraint
337,complex,entity_right,type_true,rel1_right,rel2_right,type_constraint
339,complex,entity_wrong,type_true,rel1_right,rel2_false,type_constraint
341,complex,entity_right,type_true,rel1_right,rel2_right,no_constraint
343,complex,entity_wrong,type_true,rel1_right,rel2_right,type_constraint
345,complex,entity_wrong,type_true,rel1_false,rel2_false,no_constraint
346,complex,entity_right,type_true,rel1_false,rel2_false,no_constraint
348,complex,entity_wrong,type_true,rel1_false,rel2_false,type_constraint
349,complex,entity_right,type_true,rel1_false,rel2_false,type_constraint
350,complex,entity_wrong,type_true,rel1_false,rel2_false,no_constraint
351,complex,entity_wrong,type_true,rel1_false,rel2_right,type_constraint
353,complex,entity_wrong,type_true,rel1_right,rel2_right,no_constraint
354,complex,entity_right,type_true,rel1_right,rel2_false,no_constraint
355,complex,entity_wrong,type_true,rel1_false,rel2_right,type_constraint
358,complex,entity_right,type_true,rel1_false,rel2_right,no_constraint
360,complex,entity_right,type_true,rel1_right,rel2_right,no_constraint
361,complex,entity_wrong,type_true,rel1_false,rel2_right,no_constraint
365,complex,entity_right,type_true,rel1_false,rel2_right,no_constraint
366,complex,entity_right,type_true,rel1_false,rel2_false,no_constraint
367,complex,entity_wrong,type_true,rel1_false,rel2_false,no_constraint
368,complex,entity_right,type_true,rel1_right,rel2_right,no_constraint
370,complex,entity_wrong,type_true,rel1_right,rel2_right,no_constraint
371,complex,entity_right,type_true,rel1_false,rel2_false,no_constraint
374,complex,entity_right,type_true,rel1_right,rel2_false,type_constraint
375,complex,entity_right,type_true,rel1_right,rel2_false,type_constraint
376,complex,entity_right,type_false,rel1_false,rel2_false,no_constraint
377,complex,entity_right,type_true,rel1_right,rel2_right,no_constraint
379,complex,entity_right,type_true,rel1_false,rel2_false,type_constraint
385,complex,entity_right,type_false,rel1_right,rel2_false,no_constraint
386,complex,entity_right,type_true,rel1_right,rel2_false,type_constraint
387,complex,entity_right,type_true,rel1_false,rel2_right,no_constraint
389,complex,entity_right,type_true,rel1_right,rel2_right,no_constraint
392,complex,entity_right,type_true,rel1_right,rel2_right,type_constraint
393,complex,entity_right,type_true,rel1_false,rel2_right,type_constraint
395,complex,entity_wrong,type_true,rel1_false,rel2_false,no_constraint
396,complex,entity_right,type_true,rel1_false,rel2_right,type_constraint
397,complex,entity_wrong,type_true,rel1_false,rel2_false,no_constraint
398,complex,entity_right,type_false,rel1_right,rel2_right,no_constraint
399,complex,entity_right,type_true,rel1_right,rel2_right,no_constraint
400,complex,entity_right,type_true,rel1_right,rel2_false,no_constraint
401,complex,entity_right,type_true,rel1_false,rel2_false,no_constraint
402,complex,entity_wrong,type_true,rel1_false,rel2_false,no_constraint
403,complex,entity_wrong,type_true,rel1_false,rel2_false,no_constraint
404,complex,entity_wrong,type_true,rel1_right,rel2_right,type_constraint
405,complex,entity_right,type_true,rel1_false,rel2_false,no_constraint
407,complex,entity_right,type_true,rel1_false,rel2_right,no_constraint
408,complex,entity_right,type_true,rel1_false,rel2_false,type_constraint
410,complex,entity_right,type_false,rel1_false,rel2_right,type_constraint
411,complex,entity_right,type_true,rel1_false,rel2_false,no_constraint
412,complex,entity_right,type_true,rel1_right,rel2_false,type_constraint
416,complex,entity_right,type_true,rel1_false,rel2_false,no_constraint
418,complex,entity_right,type_true,rel1_right,rel2_false,type_constraint
421,complex,entity_right,type_true,rel1_right,rel2_right,no_constraint
424,complex,entity_right,type_true,rel1_false,rel2_false,no_constraint
425,complex,entity_wrong,type_true,rel1_right,rel2_right,type_constraint
427,complex,entity_wrong,type_false,rel1_false,rel2_false,no_constraint
429,complex,entity_right,type_true,rel1_false,rel2_right,no_constraint
431,complex,entity_wrong,type_true,rel1_right,rel2_right,no_constraint
432,complex,entity_right,type_true,rel1_false,rel2_false,type_constraint
434,complex,entity_wrong,type_true,rel1_right,rel2_right,no_constraint
436,complex,entity_right,type_true,rel1_right,rel2_right,type_constraint
437,complex,entity_right,type_true,rel1_false,rel2_right,no_constraint
439,complex,entity_right,type_true,rel1_right,rel2_false,no_constraint
440,complex,entity_right,type_true,rel1_right,rel2_false,type_constraint
442,complex,entity_right,type_true,rel1_false,rel2_false,no_constraint
444,complex,entity_wrong,type_false,rel1_false,rel2_right,no_constraint
445,complex,entity_right,type_true,rel1_false,rel2_right,type_constraint
446,complex,entity_right,type_true,rel1_right,rel2_false,type_constraint
447,complex,entity_right,type_true,rel1_false,rel2_right,type_constraint
448,complex,entity_wrong,type_true,rel1_false,rel2_false,type_constraint
449,complex,entity_right,type_true,rel1_right,rel2_false,no_constraint
450,complex,entity_right,type_true,rel1_false,rel2_right,no_constraint
451,complex,entity_right,type_true,rel1_false,rel2_right,type_constraint
452,complex,entity_right,type_true,rel1_right,rel2_right,no_constraint
453,complex,entity_right,type_true,rel1_false,rel2_right,no_constraint
455,complex,entity_right,type_true,rel1_right,rel2_right,no_constraint
457,complex,entity_wrong,type_true,rel1_right,rel2_right,no_constraint
458,complex,entity_wrong,type_true,rel1_false,rel2_false,type_constraint
459,complex,entity_right,type_true,rel1_right,rel2_right,type_constraint
460,complex,entity_wrong,type_false,rel1_false,rel2_right,type_constraint
462,complex,entity_right,type_true,rel1_false,rel2_false,no_constraint
463,complex,entity_right,type_true,rel1_right,rel2_false,type_constraint
464,complex,entity_right,type_true,rel1_false,rel2_right,no_constraint
467,complex,entity_right,type_true,rel1_right,rel2_false,type_constraint
468,complex,entity_right,type_true,rel1_right,rel2_right,no_constraint
469,complex,entity_wrong,type_true,rel1_right,rel2_false,no_constraint
471,complex,entity_wrong,type_true,rel1_false,rel2_right,no_constraint
472,complex,entity_right,type_true,rel1_false,rel2_right,no_constraint
473,complex,entity_right,type_true,rel1_right,rel2_false,no_constraint
475,complex,entity_wrong,type_true,rel1_false,rel2_false,no_constraint
476,complex,entity_wrong,type_true,rel1_false,rel2_false,no_constraint
478,complex,entity_wrong,type_true,rel1_right,rel2_right,no_constraint
479,complex,entity_right,type_true,rel1_false,rel2_false,type_constraint
480,complex,entity_right,type_true,rel1_right,rel2_false,no_constraint
481,complex,entity_wrong,type_true,rel1_right,rel2_false,no_constraint
482,complex,entity_right,type_true,rel1_false,rel2_false,type_constraint
483,complex,entity_right,type_true,rel1_false,rel2_false,no_constraint
484,complex,entity_right,type_true,rel1_right,rel2_false,no_constraint
486,complex,entity_right,type_true,rel1_right,rel2_right,no_constraint
488,complex,entity_wrong,type_true,rel1_right,rel2_false,no_constraint
489,complex,entity_right,type_true,rel1_right,rel2_right,type_constraint
490,complex,entity_wrong,type_true,rel1_false,rel2_false,type_constraint
492,complex,entity_right,type_true,rel1_right,rel2_right,no_constraint
493,complex,entity_right,type_true,rel1_right,rel2_right,type_constraint
494,complex,entity_right,type_true,rel1_right,rel2_right,no_constraint
496,complex,entity_right,type_true,rel1_right,rel2_right,type_constraint
499,complex,entity_wrong,type_false,rel1_false,rel2_false,no_constraint
502,complex,entity_right,type_true,rel1_false,rel2_right,type_constraint
503,complex,entity_right,type_true,rel1_right,rel2_right,type_constraint
504,complex,entity_wrong,type_true,rel1_false,rel2_right,no_constraint
505,complex,entity_wrong,type_true,rel1_right,rel2_false,no_constraint
506,complex,entity_right,type_true,rel1_right,rel2_right,no_constraint
507,complex,entity_wrong,type_true,rel1_right,rel2_right,type_constraint
509,complex,entity_right,type_true,rel1_false,rel2_right,type_constraint
510,complex,entity_right,type_true,rel1_false,rel2_false,type_constraint
512,complex,entity_wrong,type_true,rel1_right,rel2_false,no_constraint
513,complex,entity_wrong,type_true,rel1_right,rel2_right,no_constraint
516,complex,entity_wrong,type_true,rel1_false,rel2_right,no_constraint
517,complex,entity_right,type_true,rel1_false,rel2_right,type_constraint
518,complex,entity_right,type_true,rel1_right,rel2_right,no_constraint
520,complex,entity_right,type_true,rel1_right,rel2_false,no_constraint
521,complex,entity_right,type_true,rel1_false,rel2_false,no_constraint
523,complex,entity_right,type_true,rel1_right,rel2_right,type_constraint
524,complex,entity_right,type_true,rel1_right,rel2_false,no_constraint
525,complex,entity_right,type_true,rel1_false,rel2_false,no_constraint
526,complex,entity_right,type_true,rel1_false,rel2_right,type_constraint
527,complex,entity_right,type_true,rel1_false,rel2_right,type_constraint
528,complex,entity_right,type_true,rel1_false,rel2_false,no_constraint
529,complex,entity_right,type_true,rel1_right,rel2_right,type_constraint
530,complex,entity_right,type_true,rel1_false,rel2_right,type_constraint
531,complex,entity_wrong,type_true,rel1_false,rel2_false,no_constraint
535,complex,entity_wrong,type_true,rel1_false,rel2_right,no_constraint
539,complex,entity_right,type_true,rel1_false,rel2_right,no_constraint
540,complex,entity_wrong,type_true,rel1_right,rel2_right,no_constraint
541,complex,entity_wrong,type_true,rel1_right,rel2_false,no_constraint
544,complex,entity_right,type_true,rel1_right,rel2_false,no_constraint
545,complex,entity_right,type_true,rel1_false,rel2_right,no_constraint
546,complex,entity_right,type_true,rel1_right,rel2_right,type_constraint
548,complex,entity_right,type_true,rel1_right,rel2_right,no_constraint
551,complex,entity_right,type_true,rel1_right,rel2_right,no_constraint
552,complex,entity_right,type_true,rel1_right,rel2_false,no_constraint
553,complex,entity_wrong,type_true,rel1_false,rel2_false,type_constraint
555,complex,entity_right,type_true,rel1_right,rel2_false,no_constraint
556,complex,entity_right,type_true,rel1_right,rel2_right,no_constraint
557,complex,entity_right,type_true,rel1_right,rel2_right,type_constraint
558,complex,entity_wrong,type_true,rel1_right,rel2_right,no_constraint
561,complex,entity_right,type_true,rel1_right,rel2_false,no_constraint
562,complex,entity_right,type_true,rel1_right,rel2_right,no_constraint
563,complex,entity_right,type_true,rel1_false,rel2_right,type_constraint
565,complex,entity_wrong,type_true,rel1_false,rel2_false,no_constraint
567,complex,entity_right,type_true,rel1_right,rel2_right,no_constraint
568,complex,entity_wrong,type_false,rel1_false,rel2_false,type_constraint
570,complex,entity_right,type_true,rel1_false,rel2_false,type_constraint
574,complex,entity_right,type_true,rel1_right,rel2_false,type_constraint
575,complex,entity_right,type_true,rel1_right,rel2_right,no_constraint
576,complex,entity_right,type_true,rel1_right,rel2_right,no_constraint
577,complex,entity_right,type_true,rel1_false,rel2_false,type_constraint
579,complex,entity_right,type_true,rel1_right,rel2_right,no_constraint
580,complex,entity_right,type_true,rel1_right,rel2_right,no_constraint
582,complex,entity_right,type_true,rel1_false,rel2_right,no_constraint
584,complex,entity_right,type_true,rel1_right,rel2_right,no_constraint
585,complex,entity_right,type_true,rel1_false,rel2_right,no_constraint
586,complex,entity_right,type_true,rel1_right,rel2_right,no_constraint
588,complex,entity_right,type_true,rel1_right,rel2_false,type_constraint
590,complex,entity_right,type_true,rel1_right,rel2_false,no_constraint
592,complex,entity_right,type_true,rel1_false,rel2_right,type_constraint
593,complex,entity_right,type_true,rel1_false,rel2_false,no_constraint
594,complex,entity_wrong,type_true,rel1_right,rel2_false,no_constraint
595,complex,entity_right,type_true,rel1_right,rel2_false,type_constraint
597,complex,entity_wrong,type_true,rel1_right,rel2_false,type_constraint
598,complex,entity_right,type_true,rel1_right,rel2_right,type_constraint
599,complex,entity_right,type_true,rel1_right,rel2_false,no_constraint
600,complex,entity_right,type_true,rel1_false,rel2_false,no_constraint
602,complex,entity_right,type_true,rel1_false,rel2_right,no_constraint
603,complex,entity_wrong,type_true,rel1_false,rel2_false,no_constraint
607,complex,entity_right,type_true,rel1_right,rel2_right,type_constraint
608,complex,entity_right,type_true,rel1_false,rel2_right,type_constraint
609,complex,entity_right,type_true,rel1_right,rel2_right,no_constraint
610,complex,entity_right,type_true,rel1_false,rel2_false,type_constraint
611,complex,entity_right,type_true,rel1_right,rel2_false,no_constraint
612,complex,entity_wrong,type_true,rel1_right,rel2_false,type_constraint
613,complex,entity_right,type_false,rel1_false,rel2_right,no_constraint
614,complex,entity_right,type_true,rel1_right,rel2_false,no_constraint
615,complex,entity_right,type_true,rel1_false,rel2_false,no_constraint
619,complex,entity_wrong,type_true,rel1_right,rel2_right,no_constraint
620,complex,entity_wrong,type_true,rel1_right,rel2_false,type_constraint
625,complex,entity_wrong,type_true,rel1_false,rel2_false,no_constraint
626,complex,entity_right,type_true,rel1_false,rel2_right,type_constraint
630,complex,entity_wrong,type_true,rel1_right,rel2_false,type_constraint
632,complex,entity_wrong,type_true,rel1_false,rel2_right,type_constraint
634,complex,entity_right,type_false,rel1_right,rel2_right,type_constraint
637,complex,entity_right,type_true,rel1_false,rel2_false,type_constraint
638,complex,entity_wrong,type_false,rel1_right,rel2_right,no_constraint
640,complex,entity_right,type_true,rel1_false,rel2_false,no_constraint
641,complex,entity_right,type_true,rel1_false,rel2_right,no_constraint
642,complex,entity_wrong,type_true,rel1_right,rel2_right,no_constraint
643,complex,entity_right,type_true,rel1_false,rel2_false,type_constraint
644,complex,entity_right,type_true,rel1_false,rel2_right,no_constraint
648,complex,entity_right,type_true,rel1_right,rel2_false,type_constraint
649,complex,entity_right,type_true,rel1_right,rel2_right,type_constraint
650,complex,entity_right,type_true,rel1_false,rel2_right,type_constraint
652,complex,entity_right,type_true,rel1_false,rel2_false,type_constraint
655,complex,entity_right,type_true,rel1_false,rel2_right,no_constraint
656,complex,entity_wrong,type_true,rel1_false,rel2_right,no_constraint
657,complex,entity_wrong,type_false,rel1_false,rel2_right,type_constraint
658,complex,entity_right,type_true,rel1_right,rel2_false,type_constraint
659,complex,entity_right,type_true,rel1_false,rel2_false,type_constraint
660,complex,entity_wrong,type_true,rel1_false,rel2_false,type_constraint
661,complex,entity_right,type_false,rel1_false,rel2_right,no_constraint
664,complex,entity_right,type_true,rel1_false,rel2_false,type_constraint
665,complex,entity_right,type_true,rel1_false,rel2_right,type_constraint
666,complex,entity_right,type_true,rel1_false,rel2_right,no_constraint
667,complex,entity_right,type_true,rel1_false,rel2_false,type_constraint
674,complex,entity_right,type_false,rel1_false,rel2_right,no_constraint
675,complex,entity_right,type_true,rel1_right,rel2_right,no_constraint
676,complex,entity_right,type_true,rel1_right,rel2_false,no_constraint
679,complex,entity_right,type_true,rel1_false,rel2_false,no_constraint
680,complex,entity_wrong,type_true,rel1_right,rel2_right,type_constraint
681,complex,entity_right,type_true,rel1_right,rel2_false,type_constraint
685,complex,entity_right,type_true,rel1_right,rel2_right,type_constraint
686,complex,entity_right,type_true,rel1_right,rel2_right,no_constraint
688,complex,entity_right,type_true,rel1_false,rel2_false,type_constraint
690,complex,entity_right,type_true,rel1_right,rel2_right,no_constraint
691,complex,entity_right,type_true,rel1_false,rel2_false,type_constraint
692,complex,entity_wrong,type_true,rel1_right,rel2_false,no_constraint
693,complex,entity_wrong,type_true,rel1_right,rel2_false,no_constraint
695,complex,entity_right,type_true,rel1_right,rel2_false,type_constraint
696,complex,entity_right,type_true,rel1_right,rel2_right,no_constraint
697,complex,entity_wrong,type_true,rel1_false,rel2_right,type_constraint
698,complex,entity_wrong,type_true,rel1_right,rel2_right,type_constraint
699,complex,entity_right,type_true,rel1_false,rel2_false,no_constraint
700,complex,entity_right,type_true,rel1_false,rel2_false,type_constraint
701,complex,entity_right,type_true,rel1_right,rel2_false,type_constraint
702,complex,entity_right,type_true,rel1_false,rel2_false,type_constraint
703,complex,entity_wrong,type_true,rel1_right,rel2_right,no_constraint
705,complex,entity_right,type_false,rel1_false,rel2_right,type_constraint
708,complex,entity_right,type_true,rel1_false,rel2_right,no_constraint
710,complex,entity_right,type_true,rel1_false,rel2_right,type_constraint
711,complex,entity_right,type_true,rel1_false,rel2_right,no_constraint
712,complex,entity_right,type_true,rel1_right,rel2_right,no_constraint
714,complex,entity_right,type_true,rel1_right,rel2_false,no_constraint
717,complex,entity_right,type_true,rel1_false,rel2_right,no_constraint
721,complex,entity_right,type_true,rel1_right,rel2_false,no_constraint
722,complex,entity_wrong,type_true,rel1_false,rel2_right,type_constraint
726,complex,entity_right,type_true,rel1_right,rel2_right,no_constraint
730,complex,entity_right,type_true,rel1_right,rel2_false,type_constraint
732,complex,entity_wrong,type_true,rel1_false,rel2_false,type_constraint
733,complex,entity_right,type_true,rel1_right,rel2_false,type_constraint
734,complex,entity_right,type_false,rel1_false,rel2_right,type_constraint
735,complex,entity_right,type_true,rel1_false,rel2_right,type_constraint
736,complex,entity_wrong,type_true,rel1_right,rel2_right,no_constraint
737,complex,entity_right,type_true,rel1_right,rel2_false,no_constraint
738,complex,entity_wrong,type_true,rel1_false,rel2_right,no_constraint
740,complex,entity_right,type_true,rel1_right,rel2_false,type_constraint
747,complex,entity_wrong,type_true,rel1_false,rel2_right,no_constraint
748,complex,entity_right,type_true,rel1_right,rel2_false,type_constraint
749,complex,entity_right,type_true,rel1_right,rel2_right,type_constraint
750,complex,entity_right,type_true,rel1_right,rel2_false,type_constraint
751,complex,entity_wrong,type_true,rel1_false,rel2_right,type_constraint
752,complex,entity_right,type_true,rel1_right,rel2_right,type_constraint
753,complex,entity_wrong,type_true,rel1_right,rel2_right,type_constraint
754,complex,entity_wrong,type_true,rel1_right,rel2_right,no_constraint
757,complex,entity_right,type_true,rel1_false,rel2_right,no_constraint
760,complex,entity_right,type_true,rel1_false,rel2_right,type_constraint
761,complex,entity_right,type_true,rel1_right,rel2_false,type_constraint
763,complex,entity_right,type_true,rel1_false,rel2_false,no_constraint
764,complex,entity_right,type_true,rel1_right,rel2_false,no_constraint
765,complex,entity_right,type_true,rel1_false,rel2_false,type_constraint
766,complex,entity_right,type_true,rel1_right,rel2_right,no_constraint
767,complex,entity_right,type_true,rel1_right,rel2_false,no_constraint
770,complex,entity_right,type_true,rel1_right,rel2_right,no_constraint
771,complex,entity_right,type_true,rel1_right,rel2_right,no_constraint
772,complex,entity_right,type_true,rel1_right,rel2_false,type_constraint
773,complex,entity_wrong,type_true,rel1_right,rel2_right,no_constraint
775,complex,entity_right,type_true,rel1_right,rel2_right,no_constraint
777,complex,entity_right,type_true,rel1_false,rel2_false,type_constraint
778,complex,entity_right,type_true,rel1_right,rel2_right,type_constraint
779,complex,entity_right,type_false,rel1_right,rel2_right,no_constraint
785,complex,entity_right,type_true,rel1_right,rel2_false,no_constraint
786,complex,entity_right,type_true,rel1_false,rel2_false,no_constraint
788,complex,entity_wrong,type_true,rel1_right,rel2_false,type_constraint
789,complex,entity_right,type_true,rel1_false,rel2_false,type_constraint
790,complex,entity_right,type_true,rel1_right,rel2_false,type_constraint
791,complex,entity_right,type_true,rel1_right,rel2_false,no_constraint
792,complex,entity_right,type_true,rel1_right,rel2_false,type_constraint
794,complex,entity_right,type_true,rel1_false,rel2_right,no_constraint
795,complex,entity_wrong,type_true,rel1_false,rel2_right,type_constraint
798,complex,entity_wrong,type_true,rel1_false,rel2_right,type_constraint
799,complex,entity_right,type_true,rel1_false,rel2_false,no_constraint
800,complex,entity_right,type_true,rel1_false,rel2_false,type_constraint
802,complex,entity_wrong,type_true,rel1_right,rel2_right,no_constraint
808,complex,entity_right,type_true,rel1_false,rel2_right,type_constraint
809,complex,entity_right,type_true,rel1_right,rel2_right,type_constraint
811,complex,entity_right,type_true,rel1_false,rel2_false,no_constraint
812,complex,entity_right,type_true,rel1_false,rel2_false,type_constraint
813,complex,entity_right,type_true,rel1_false,rel2_false,type_constraint
815,complex,entity_right,type_true,rel1_right,rel2_right,type_constraint
818,complex,entity_right,type_true,rel1_false,rel2_false,no_constraint
820,complex,entity_right,type_true,rel1_false,rel2_false,type_constraint
821,complex,entity_wrong,type_true,rel1_false,rel2_false,no_constraint
822,complex,entity_wrong,type_true,rel1_right,rel2_false,type_constraint
823,complex,entity_right,type_true,rel1_false,rel2_false,no_constraint
824,complex,entity_right,type_true,rel1_right,rel2_false,no_constraint
825,complex,entity_wrong,type_true,rel1_false,rel2_right,type_constraint
826,complex,entity_wrong,type_false,rel1_false,rel2_right,no_constraint
827,complex,entity_wrong,type_false,rel1_false,rel2_right,no_constraint
829,complex,entity_right,type_true,rel1_false,rel2_right,type_constraint
831,complex,entity_right,type_true,rel1_right,rel2_false,no_constraint
832,complex,entity_right,type_true,rel1_false,rel2_false,type_constraint
835,complex,entity_right,type_true,rel1_false,rel2_false,type_constraint
836,complex,entity_wrong,type_true,rel1_false,rel2_false,no_constraint
837,complex,entity_right,type_false,rel1_false,rel2_right,type_constraint
838,complex,entity_right,type_true,rel1_false,rel2_right,no_constraint
841,complex,entity_wrong,type_true,rel1_right,rel2_right,no_constraint
844,complex,entity_wrong,type_true,rel1_right,rel2_false,type_constraint
845,complex,entity_right,type_true,rel1_false,rel2_right,type_constraint
846,complex,entity_right,type_true,rel1_right,rel2_false,no_constraint
847,complex,entity_right,type_false,rel1_right,rel2_right,no_constraint
849,complex,entity_wrong,type_true,rel1_false,rel2_right,no_constraint
852,complex,entity_wrong,type_true,rel1_false,rel2_false,no_constraint
853,complex,entity_right,type_true,rel1_right,rel2_false,no_constraint
854,complex,entity_right,type_true,rel1_right,rel2_right,type_constraint
855,complex,entity_right,type_true,rel1_right,rel2_right,no_constraint
856,complex,entity_right,type_true,rel1_right,rel2_right,no_constraint
857,complex,entity_right,type_true,rel1_right,rel2_false,no_constraint
858,complex,entity_right,type_true,rel1_right,rel2_right,type_constraint
859,complex,entity_right,type_true,rel1_false,rel2_false,type_constraint
860,complex,entity_right,type_true,rel1_false,rel2_right,type_constraint
861,complex,entity_right,type_true,rel1_right,rel2_false,type_constraint
862,complex,entity_wrong,type_true,rel1_false,rel2_right,type_constraint
863,complex,entity_right,type_true,rel1_right,rel2_false,no_constraint
864,complex,entity_right,type_true,rel1_right,rel2_right,no_constraint
865,complex,entity_right,type_true,rel1_right,rel2_right,type_constraint
866,complex,entity_right,type_true,rel1_false,rel2_false,type_constraint
867,complex,entity_right,type_true,rel1_right,rel2_false,type_constraint
868,complex,entity_right,type_true,rel1_right,rel2_false,type_constraint
871,complex,entity_wrong,type_true,rel1_false,rel2_false,no_constraint
873,complex,entity_wrong,type_true,rel1_right,rel2_false,type_constraint
875,complex,entity_right,type_true,rel1_right,rel2_false,no_constraint
876,complex,entity_right,type_true,rel1_right,rel2_false,no_constraint
877,complex,entity_right,type_true,rel1_false,rel2_false,type_constraint
878,complex,entity_right,type_true,rel1_right,rel2_right,no_constraint
880,complex,entity_right,type_false,rel1_false,rel2_right,type_constraint
881,complex,entity_right,type_true,rel1_right,rel2_right,no_constraint
882,complex,entity_right,type_false,rel1_right,rel2_false,no_constraint
884,complex,entity_right,type_true,rel1_right,rel2_right,no_constraint
886,complex,entity_right,type_true,rel1_false,rel2_false,no_constraint
887,complex,entity_right,type_true,rel1_false,rel2_false,type_constraint
888,complex,entity_right,type_true,rel1_right,rel2_right,type_constraint
890,complex,entity_right,type_true,rel1_right,rel2_right,no_constraint
891,complex,entity_right,type_true,rel1_false,rel2_right,type_constraint
892,complex,entity_right,type_true,rel1_right,rel2_right,no_constraint
894,complex,entity_right,type_false,rel1_right,rel2_right,type_constraint
897,complex,entity_wrong,type_true,rel1_false,rel2_right,no_constraint
898,complex,entity_right,type_true,rel1_right,rel2_right,no_constraint
899,complex,entity_right,type_true,rel1_false,rel2_right,no_constraint
900,complex,entity_wrong,type_true,rel1_false,rel2_right,type_constraint
901,complex,entity_right,type_true,rel1_false,rel2_false,type_constraint
902,complex,entity_right,type_true,rel1_false,rel2_right,no_constraint
906,complex,entity_right,type_true,rel1_false,rel2_right,type_constraint
907,complex,entity_wrong,type_true,rel1_false,rel2_false,type_constraint
908,complex,entity_right,type_true,rel1_false,rel2_false,type_constraint
909,complex,entity_right,type_true,rel1_right,rel2_false,no_constraint
910,complex,entity_right,type_false,rel1_false,rel2_false,type_constraint
913,complex,entity_right,type_true,rel1_right,rel2_right,type_constraint
915,complex,entity_right,type_true,rel1_right,rel2_right,type_constraint
916,complex,entity_wrong,type_true,rel1_right,rel2_right,type_constraint
918,complex,entity_right,type_true,rel1_false,rel2_false,type_constraint
919,complex,entity_right,type_true,rel1_false,rel2_right,no_constraint
922,complex,entity_wrong,type_true,rel1_right,rel2_false,type_constraint
925,complex,entity_right,type_true,rel1_false,rel2_right,no_constraint
926,complex,entity_right,type_true,rel1_right,rel2_false,type_constraint
931,complex,entity_right,type_true,rel1_right,rel2_right,type_constraint
933,complex,entity_right,type_true,rel1_false,rel2_false,no_constraint
936,complex,entity_right,type_true,rel1_false,rel2_right,type_constraint
938,complex,entity_right,type_true,rel1_right,rel2_false,no_constraint
939,complex,entity_right,type_true,rel1_false,rel2_false,type_constraint
940,complex,entity_right,type_true,rel1_false,rel2_false,no_constraint
942,complex,entity_right,type_true,rel1_false,rel2_false,no_constraint
943,complex,entity_wrong,type_true,rel1_right,rel2_right,no_constraint
946,complex,entity_right,type_true,rel1_right,rel2_right,type_constraint
947,complex,entity_wrong,type_true,rel1_false,rel2_right,no_constraint
950,complex,entity_wrong,type_true,rel1_right,rel2_false,no_constraint
952,complex,entity_right,type_true,rel1_right,rel2_right,no_constraint
953,complex,entity_right,type_true,rel1_right,rel2_right,type_constraint
955,complex,entity_right,type_true,rel1_right,rel2_false,type_constraint
956,complex,entity_wrong,type_true,rel1_false,rel2_right,no_constraint
960,complex,entity_right,type_true,rel1_right,rel2_right,type_constraint
961,complex,entity_right,type_true,rel1_right,rel2_false,no_constraint
962,complex,entity_right,type_true,rel1_right,rel2_false,no_constraint
963,complex,entity_right,type_false,rel1_false,rel2_false,type_constraint
967,complex,entity_wrong,type_true,rel1_false,rel2_false,no_constraint
969,complex,entity_wrong,type_true,rel1_right,rel2_false,no_constraint
970,complex,entity_right,type_true,rel1_right,rel2_right,type_constraint
971,complex,entity_right,type_true,rel1_false,rel2_right,type_constraint
977,complex,entity_right,type_true,rel1_false,rel2_false,type_constraint
978,complex,entity_right,type_false,rel1_false,rel2_right,type_constraint
979,complex,entity_right,type_true,rel1_right,rel2_right,no_constraint
981,complex,entity_right,type_true,rel1_false,rel2_false,no_constraint
984,complex,entity_wrong,type_true,rel1_false,rel2_false,no_constraint
985,complex,entity_wrong,type_true,rel1_false,rel2_false,no_constraint
986,complex,entity_right,type_true,rel1_false,rel2_false,no_constraint
987,complex,entity_right,type_true,rel1_right,rel2_right,no_constraint
990,complex,entity_right,type_true,rel1_right,rel2_false,no_constraint
991,complex,entity_wrong,type_true,rel1_false,rel2_false,no_constraint
992,complex,entity_right,type_true,rel1_false,rel2_false,no_constraint
993,complex,entity_wrong,type_true,rel1_false,rel2_false,no_constraint
996,complex,entity_wrong,type_true,rel1_right,rel2_false,no_constraint
997,complex,entity_right,type_true,rel1_right,rel2_right,no_constraint
999,complex,entity_right,type_true,rel1_false,rel2_false,no_constraint
